first_name,last_name,email,gender
Marvin,Rainford,mrainford0@tuttocitta.it,Male
Florry,Iglesias,figlesias1@jiathis.com,Female
Clemmie,Alvy,calvy2@ca.gov,Female
Dorey,Culver,dculver3@mysql.com,Female
Annabal,Semple,asemple4@cisco.com,Female
Shepherd,Doddemeade,sdoddemeade5@umich.edu,Agender
Findlay,Bringloe,fbringloe6@unc.edu,Male
Mohammed,De Angelis,mdeangelis7@huffingtonpost.com,Male
Claudianus,Mendonca,cmendonca8@dropbox.com,Male
Sergei,Bowers,sbowers9@ft.com,Male
Clarine,Isaksen,cisaksena@nature.com,Female
Scarlett,Dunbobbin,sdunbobbinb@hc360.com,Female
Kasey,Belsham,kbelshamc@comcast.net,Female
Oren,Le Prevost,oleprevostd@livejournal.com,Male
Kaycee,Smoughton,ksmoughtone@google.co.jp,Female
Denver,Castana,dcastanaf@google.ru,Male
Haywood,Kearn,hkearng@spotify.com,Male
Micheal,Oakenford,moakenfordh@eepurl.com,Male
Neile,Starkey,nstarkeyi@nifty.com,Bigender
Juliet,Sketch,jsketchj@pbs.org,Female
Ermanno,Lidgerton,elidgertonk@people.com.cn,Male
Ellwood,Dunning,edunningl@wikimedia.org,Male
Jermaine,Cawston,jcawstonm@rakuten.co.jp,Female
Harald,Littler,hlittlern@wikispaces.com,Male
Jacquette,Cock,jcocko@deviantart.com,Female
Linette,Maslen,lmaslenp@nydailynews.com,Female
Skye,Addy,saddyq@freewebs.com,Male
Margarette,Quinnet,mquinnetr@cloudflare.com,Female
Cedric,Cameli,ccamelis@topsy.com,Male
Clayton,Bergstrand,cbergstrandt@ihg.com,Male
Cordelie,D'Onise,cdoniseu@marketwatch.com,Genderqueer
Don,Karoly,dkarolyv@a8.net,Male
Rollin,Rubinshtein,rrubinshteinw@ustream.tv,Male
Tatum,Reggiani,treggianix@tinypic.com,Female
Gustave,Meininger,gmeiningery@nbcnews.com,Male
Lynea,Messruther,lmessrutherz@chronoengine.com,Female
Maritsa,Safe,msafe10@geocities.jp,Female
Debra,Giraldo,dgiraldo11@wunderground.com,Female
Bradly,Salvidge,bsalvidge12@last.fm,Male
Elspeth,Kulicke,ekulicke13@msu.edu,Female
Granny,Spellecy,gspellecy14@toplist.cz,Male
Neille,Palombi,npalombi15@answers.com,Female
Bettina,Cron,bcron16@rambler.ru,Female
Lorens,Polendine,lpolendine17@reuters.com,Polygender
Garvey,Goggins,ggoggins18@netscape.com,Male
Heywood,Minerdo,hminerdo19@typepad.com,Bigender
Mylo,Toxell,mtoxell1a@sbwire.com,Male
Kasey,Jacquest,kjacquest1b@yolasite.com,Female
Louise,Aishford,laishford1c@amazon.com,Female
Erhart,Touhig,etouhig1d@vkontakte.ru,Male
Charlie,Ashforth,cashforth1e@over-blog.com,Male
Frederic,De Vaux,fdevaux1f@timesonline.co.uk,Male
Keith,Lehrahan,klehrahan1g@ucoz.com,Non-binary
Harrie,Enriquez,henriquez1h@cargocollective.com,Female
Cordelie,Baynom,cbaynom1i@issuu.com,Female
Kerwinn,Fabbri,kfabbri1j@nbcnews.com,Male
Amabel,Parrott,aparrott1k@github.com,Female
Ashbey,Hindmore,ahindmore1l@example.com,Male
Christian,Witts,cwitts1m@google.fr,Agender
Aleta,Cawthry,acawthry1n@dyndns.org,Female
Wells,Byrd,wbyrd1o@ucla.edu,Male
Abby,Elcoux,aelcoux1p@com.com,Male
Dar,Golly,dgolly1q@pagesperso-orange.fr,Male
Sully,Szach,sszach1r@sciencedaily.com,Male
Garwood,Bazoche,gbazoche1s@examiner.com,Male
George,Pavlov,gpavlov1t@webnode.com,Female
Jerrilyn,Cowx,jcowx1u@flavors.me,Female
Foss,Thurlow,fthurlow1v@cisco.com,Male
Doti,Charopen,dcharopen1w@amazon.co.uk,Female
Arlin,Kareman,akareman1x@epa.gov,Male
Eugen,Moye,emoye1y@homestead.com,Male
Cooper,Baffin,cbaffin1z@huffingtonpost.com,Male
Kirby,Breede,kbreede20@wsj.com,Male
Amy,Walling,awalling21@bbc.co.uk,Female
Amii,Dinsale,adinsale22@symantec.com,Female
Emilia,Ault,eault23@marketwatch.com,Female
Danya,Chrystie,dchrystie24@techcrunch.com,Female
Roddy,Jovey,rjovey25@engadget.com,Male
Gerard,Bruton,gbruton26@github.io,Male
Van,Storms,vstorms27@wikia.com,Female
Erik,Napolitano,enapolitano28@census.gov,Male
Emery,Tal,etal29@smugmug.com,Male
Collen,Hambers,chambers2a@wp.com,Female
Moria,Cressor,mcressor2b@bbc.co.uk,Female
Nikola,Lithcow,nlithcow2c@canalblog.com,Male
Letty,Medgewick,lmedgewick2d@istockphoto.com,Female
Ruddie,Muttitt,rmuttitt2e@last.fm,Male
Delila,Fayerbrother,dfayerbrother2f@canalblog.com,Female
Deane,Craggs,dcraggs2g@quantcast.com,Female
Avrit,Stobbes,astobbes2h@ucoz.ru,Genderfluid
Lin,Ronald,lronald2i@craigslist.org,Male
Mathe,Domokos,mdomokos2j@oaic.gov.au,Male
Kellen,Motion,kmotion2k@businesswire.com,Male
Corine,Bayns,cbayns2l@nydailynews.com,Female
Darnall,Edmenson,dedmenson2m@japanpost.jp,Bigender
Melisande,Quartermaine,mquartermaine2n@networksolutions.com,Female
Gaven,McElwee,gmcelwee2o@reverbnation.com,Male
Bale,Clohessy,bclohessy2p@etsy.com,Male
Rodie,Hanselmann,rhanselmann2q@amazon.co.jp,Polygender
Shirlee,Leveritt,sleveritt2r@posterous.com,Female
Hale,Jaggar,hjaggar2s@hubpages.com,Male
Eleen,Willerson,ewillerson2t@zdnet.com,Female
Clare,Flaunders,cflaunders2u@wikia.com,Male
Pippy,Buesden,pbuesden2v@tripadvisor.com,Female
Lindon,Fronzek,lfronzek2w@twitter.com,Male
Reagan,Ziemecki,rziemecki2x@dmoz.org,Genderqueer
Fidelia,Kettel,fkettel2y@nifty.com,Female
Konstanze,Lafranconi,klafranconi2z@myspace.com,Female
Marcos,Luxford,mluxford30@desdev.cn,Male
Krissy,Lowers,klowers31@qq.com,Female
Agnola,Georgeon,ageorgeon32@geocities.com,Female
Kaspar,Marqyes,kmarqyes33@sina.com.cn,Male
Maximo,McCrackan,mmccrackan34@deviantart.com,Male
Delora,Goldup,dgoldup35@buzzfeed.com,Female
Wain,Chatell,wchatell36@unblog.fr,Male
Moyra,Mallion,mmallion37@chicagotribune.com,Female
Rickie,Pudsall,rpudsall38@about.me,Male
Waite,Eckley,weckley39@toplist.cz,Male
Waylen,Andriuzzi,wandriuzzi3a@chronoengine.com,Male
Mariele,Brotherhead,mbrotherhead3b@quantcast.com,Female
Grady,Symon,gsymon3c@livejournal.com,Male
Basile,Baroc,bbaroc3d@sogou.com,Male
Cortie,Jaques,cjaques3e@discuz.net,Male
Jandy,Robshaw,jrobshaw3f@un.org,Female
Prentiss,Ipsly,pipsly3g@51.la,Male
Percy,Bellam,pbellam3h@abc.net.au,Male
Benedikt,Grundey,bgrundey3i@blogger.com,Male
Dulcia,Camlin,dcamlin3j@twitpic.com,Female
Skell,Boneham,sboneham3k@flavors.me,Male
Fredric,Wrankling,fwrankling3l@washington.edu,Male
Gretta,Kollaschek,gkollaschek3m@skyrock.com,Female
Micki,Blanchflower,mblanchflower3n@usgs.gov,Genderqueer
Gualterio,Silberschatz,gsilberschatz3o@ox.ac.uk,Male
Kamila,Parman,kparman3p@princeton.edu,Female
Dawna,Kippax,dkippax3q@who.int,Female
Bradney,Maxfield,bmaxfield3r@state.tx.us,Male
Georg,Mammatt,gmammatt3s@vistaprint.com,Male
Olivia,McCoish,omccoish3t@marketwatch.com,Female
Boniface,Fernanando,bfernanando3u@seesaa.net,Male
Marve,Jelkes,mjelkes3v@mapy.cz,Genderqueer
Barris,Snaith,bsnaith3w@is.gd,Male
Stacey,Fatharly,sfatharly3x@dailymotion.com,Female
Stanly,Cannaway,scannaway3y@archive.org,Male
Jennica,Sergison,jsergison3z@last.fm,Polygender
Baxter,Isbell,bisbell40@exblog.jp,Male
Marv,Rogger,mrogger41@google.com.hk,Bigender
Jerrie,Sapey,jsapey42@multiply.com,Female
Izzy,Mayte,imayte43@marriott.com,Male
Wiatt,Macro,wmacro44@java.com,Male
Ambrosius,Whittenbury,awhittenbury45@imdb.com,Male
Aharon,Teliga,ateliga46@ebay.co.uk,Male
Leslie,Havik,lhavik47@reddit.com,Female
Fletcher,Scriviner,fscriviner48@spotify.com,Male
Nefen,Penswick,npenswick49@netvibes.com,Male
Chic,Jaqueminet,cjaqueminet4a@over-blog.com,Male
Ronda,Sandeford,rsandeford4b@ft.com,Female
Florina,Kacheler,fkacheler4c@epa.gov,Female
Sophronia,Loblie,sloblie4d@discuz.net,Bigender
Corby,Cabell,ccabell4e@xinhuanet.com,Male
Kip,Toopin,ktoopin4f@umich.edu,Male
Jaime,Pickett,jpickett4g@vistaprint.com,Agender
Fidelio,Penddreth,fpenddreth4h@yelp.com,Male
Danyette,Greening,dgreening4i@bbb.org,Female
Othilie,Chaney,ochaney4j@gnu.org,Female
Allister,Guiraud,aguiraud4k@google.pl,Male
Avivah,Miner,aminer4l@hibu.com,Genderfluid
Annice,Goodwill,agoodwill4m@amazon.co.jp,Female
Waldon,Radloff,wradloff4n@acquirethisname.com,Male
Sanson,Irvin,sirvin4o@hud.gov,Male
Faye,Brakewell,fbrakewell4p@1688.com,Genderfluid
Damiano,Ewells,dewells4q@trellian.com,Male
Thornie,Lecky,tlecky4r@hexun.com,Male
Tanhya,Geekie,tgeekie4s@is.gd,Female
Milka,Prahm,mprahm4t@51.la,Female
Fletch,Brotherheed,fbrotherheed4u@arstechnica.com,Male
Thain,Hows,thows4v@hhs.gov,Male
Ransell,Ellit,rellit4w@goodreads.com,Male
Daffy,Jura,djura4x@reuters.com,Female
Nichole,Spradbrow,nspradbrow4y@scientificamerican.com,Male
Ellynn,Trelevan,etrelevan4z@foxnews.com,Female
Minnaminnie,Reilly,mreilly50@live.com,Female
Nicholas,Fluck,nfluck51@ibm.com,Male
Cyndi,Durran,cdurran52@artisteer.com,Female
Tana,Axelbee,taxelbee53@sina.com.cn,Polygender
Drucill,Coard,dcoard54@chicagotribune.com,Genderqueer
Homere,Brotheridge,hbrotheridge55@who.int,Male
Katie,Bransom,kbransom56@wp.com,Bigender
Ulrick,O'Scanlan,uoscanlan57@businessinsider.com,Male
Bartholomeus,Ablott,bablott58@nps.gov,Male
Liuka,Klimov,lklimov59@ameblo.jp,Female
Antonia,Phair,aphair5a@hexun.com,Bigender
Leonard,Tolomei,ltolomei5b@infoseek.co.jp,Male
Marcelia,Lyven,mlyven5c@census.gov,Female
Robert,Spawforth,rspawforth5d@macromedia.com,Male
Elsa,McSperron,emcsperron5e@tinyurl.com,Agender
Timoteo,Maddox,tmaddox5f@flickr.com,Male
Sibelle,Courtman,scourtman5g@reuters.com,Female
Rosemary,Errichiello,rerrichiello5h@liveinternet.ru,Female
Phillip,Northen,pnorthen5i@sina.com.cn,Male
Brinn,Goomes,bgoomes5j@shareasale.com,Female
Darcie,Scone,dscone5k@squidoo.com,Female
Marilyn,Bladder,mbladder5l@macromedia.com,Female
Yasmin,Petrello,ypetrello5m@vkontakte.ru,Female
Collette,Manhood,cmanhood5n@domainmarket.com,Female
Nathan,Belward,nbelward5o@nytimes.com,Male
Rivalee,Cranidge,rcranidge5p@hugedomains.com,Female
Jerrie,Mearns,jmearns5q@engadget.com,Female
Vittoria,Kurton,vkurton5r@networkadvertising.org,Non-binary
Lynnelle,Kiessel,lkiessel5s@bbc.co.uk,Female
Kylie,Tackle,ktackle5t@theatlantic.com,Female
Marion,Mortimer,mmortimer5u@bluehost.com,Male
Ewart,Bleiman,ebleiman5v@europa.eu,Male
Jerrine,Allingham,jallingham5w@wp.com,Female
Corbet,Catto,ccatto5x@upenn.edu,Male
Glyn,Eustis,geustis5y@techcrunch.com,Agender
Elizabet,Wisdish,ewisdish5z@patch.com,Female
Ramonda,Skipp,rskipp60@bigcartel.com,Genderfluid
Davidde,Haucke,dhaucke61@cafepress.com,Male
Wells,Surguine,wsurguine62@theatlantic.com,Male
Philbert,Fulks,pfulks63@ustream.tv,Male
Chad,Ainsley,cainsley64@wired.com,Male
Maiga,Quilleash,mquilleash65@ovh.net,Female
Tadd,De Biasi,tdebiasi66@trellian.com,Male
Tammie,Abrahami,tabrahami67@usatoday.com,Male
Ambrosio,Gilluley,agilluley68@independent.co.uk,Male
Tammie,Ounsworth,tounsworth69@cisco.com,Male
Teresina,Vasyatkin,tvasyatkin6a@ycombinator.com,Female
Allys,Olivey,aolivey6b@sina.com.cn,Female
Coraline,McNally,cmcnally6c@webnode.com,Female
Pavel,Bilney,pbilney6d@reuters.com,Male
Jeanna,Aubrey,jaubrey6e@weibo.com,Female
Tybalt,Walkinshaw,twalkinshaw6f@diigo.com,Male
Efrem,Crickett,ecrickett6g@vkontakte.ru,Male
Dotty,Ranscome,dranscome6h@rambler.ru,Female
Kent,Phil,kphil6i@flavors.me,Genderfluid
Blanca,Studdard,bstuddard6j@si.edu,Non-binary
Janelle,Lequeux,jlequeux6k@google.com.au,Female
Sheffie,Hasell,shasell6l@alibaba.com,Male
Alphard,Pountney,apountney6m@exblog.jp,Male
Rodney,Dickey,rdickey6n@jalbum.net,Male
Ginger,Pigny,gpigny6o@psu.edu,Male
Almire,Wiszniewski,awiszniewski6p@bloomberg.com,Female
Mira,Arnaldi,marnaldi6q@globo.com,Female
Christel,Kellick,ckellick6r@privacy.gov.au,Female
Rona,Bradberry,rbradberry6s@google.cn,Female
Nancie,Wear,nwear6t@topsy.com,Female
Carola,Phelps,cphelps6u@narod.ru,Female
Sibylle,Thomelin,sthomelin6v@quantcast.com,Female
Lanny,Thewlis,lthewlis6w@examiner.com,Female
Alley,Gwinnel,agwinnel6x@ebay.com,Male
Karolina,Stocky,kstocky6y@boston.com,Female
Gray,Donan,gdonan6z@telegraph.co.uk,Male
Jo,Eastment,jeastment70@imgur.com,Female
Rogerio,Croysdale,rcroysdale71@cbsnews.com,Male
Harrie,Dimmne,hdimmne72@fotki.com,Female
Lindsay,Franssen,lfranssen73@symantec.com,Male
Niel,Wardingley,nwardingley74@npr.org,Male
Charmaine,Tetsall,ctetsall75@seattletimes.com,Female
Jeffy,Di Maria,jdimaria76@youtu.be,Genderfluid
Reena,Maus,rmaus77@freewebs.com,Female
Gaile,Lackemann,glackemann78@europa.eu,Male
Etienne,Black,eblack79@google.co.uk,Male
Gratia,Chrismas,gchrismas7a@wiley.com,Female
Kimmie,Le Monnier,klemonnier7b@spiegel.de,Polygender
Debi,Ridgeway,dridgeway7c@behance.net,Female
Wini,Atthow,watthow7d@privacy.gov.au,Female
Orella,Swannack,oswannack7e@tamu.edu,Female
Humfrid,Pirie,hpirie7f@wired.com,Genderqueer
Kleon,Standbrook,kstandbrook7g@live.com,Male
Jermayne,Soppitt,jsoppitt7h@php.net,Male
Tatiana,Barbara,tbarbara7i@ucoz.com,Female
Clementine,Domerc,cdomerc7j@1und1.de,Female
Jone,Jerdon,jjerdon7k@adobe.com,Male
Rahel,Rickeard,rrickeard7l@independent.co.uk,Female
Daffy,Lie,dlie7m@nba.com,Female
Charles,Skeggs,cskeggs7n@google.nl,Male
Maribeth,Antonsen,mantonsen7o@g.co,Female
Rollie,Hartwright,rhartwright7p@time.com,Male
Hendrick,Rosendahl,hrosendahl7q@topsy.com,Male
Brennen,Madison,bmadison7r@alibaba.com,Male
Cleve,De Blase,cdeblase7s@patch.com,Male
Alexandro,Acum,aacum7t@yale.edu,Male
Obidiah,Brolechan,obrolechan7u@walmart.com,Male
Dorothy,Curnock,dcurnock7v@free.fr,Genderfluid
Ari,Fochs,afochs7w@quantcast.com,Male
Sheba,Farington,sfarington7x@sohu.com,Female
Thorstein,Vautre,tvautre7y@java.com,Male
Arthur,Senten,asenten7z@answers.com,Male
Hunter,Letixier,hletixier80@multiply.com,Male
Read,Felgat,rfelgat81@latimes.com,Male
Selby,Alflatt,salflatt82@tmall.com,Male
Hendrick,Rogge,hrogge83@webs.com,Male
Hinda,Luisetti,hluisetti84@mapy.cz,Female
Ingeberg,Hylden,ihylden85@1und1.de,Polygender
Zebulen,Burgh,zburgh86@hexun.com,Male
Eudora,Furzey,efurzey87@google.nl,Female
Cory,Klausewitz,cklausewitz88@senate.gov,Female
Eliza,Lehemann,elehemann89@berkeley.edu,Female
Hal,D'Alesio,hdalesio8a@businesswire.com,Polygender
Clarissa,Fairburne,cfairburne8b@paypal.com,Female
Leighton,Carnduff,lcarnduff8c@tinyurl.com,Bigender
Thorin,Weir,tweir8d@slashdot.org,Genderqueer
Pavla,Guntrip,pguntrip8e@java.com,Female
Yank,Emmines,yemmines8f@ucsd.edu,Male
Maegan,Raye,mraye8g@yandex.ru,Female
Winny,Carus,wcarus8h@myspace.com,Bigender
Fidelio,Priden,fpriden8i@ibm.com,Male
Bernadina,Bestman,bbestman8j@mapy.cz,Female
Arte,Hearnshaw,ahearnshaw8k@furl.net,Genderqueer
Tamra,Richen,trichen8l@shop-pro.jp,Female
Noe,Jauncey,njauncey8m@redcross.org,Male
Estevan,Bardwall,ebardwall8n@adobe.com,Male
Tami,Tivers,ttivers8o@mysql.com,Female
Ezequiel,Petkens,epetkens8p@who.int,Male
Marrilee,Vasyagin,mvasyagin8q@dion.ne.jp,Female
Fredric,Durtnel,fdurtnel8r@upenn.edu,Male
Louella,Lagden,llagden8s@arstechnica.com,Female
Lauryn,Di Franceschi,ldifranceschi8t@examiner.com,Female
Kayle,Stansfield,kstansfield8u@ycombinator.com,Agender
Aubrey,Jansson,ajansson8v@pbs.org,Female
Evered,Wynrahame,ewynrahame8w@com.com,Bigender
Ethelind,Kerkham,ekerkham8x@samsung.com,Female
Doti,Wodham,dwodham8y@wordpress.org,Female
Nealon,Warboy,nwarboy8z@nba.com,Male
Beniamino,O'Caherny,bocaherny90@tiny.cc,Male
Starlin,Peperell,speperell91@state.tx.us,Female
Shelia,Langstone,slangstone92@disqus.com,Female
Ring,Durrett,rdurrett93@nsw.gov.au,Male
Jeri,Grand,jgrand94@barnesandnoble.com,Female
Vincent,Cobleigh,vcobleigh95@webeden.co.uk,Male
Gregoor,Hearons,ghearons96@amazon.co.jp,Male
Ichabod,Plaistowe,iplaistowe97@globo.com,Male
Zelig,Bryson,zbryson98@networkadvertising.org,Male
Torre,Brosenius,tbrosenius99@blogger.com,Male
Nanny,Sprowell,nsprowell9a@intel.com,Female
Irita,Sibthorp,isibthorp9b@wordpress.com,Non-binary
Stephi,Bannester,sbannester9c@soundcloud.com,Female
Rena,Pharaoh,rpharaoh9d@simplemachines.org,Female
Margette,Brimfield,mbrimfield9e@webnode.com,Female
Francine,Robberts,frobberts9f@salon.com,Female
Brena,Screas,bscreas9g@cisco.com,Female
Luigi,Whitmarsh,lwhitmarsh9h@posterous.com,Male
Matty,Wilkie,mwilkie9i@desdev.cn,Female
Cindelyn,Dunderdale,cdunderdale9j@slashdot.org,Non-binary
Dieter,Kedslie,dkedslie9k@hibu.com,Male
Patin,Gosby,pgosby9l@yandex.ru,Male
Harriott,Bartaloni,hbartaloni9m@cornell.edu,Female
Patti,Espinel,pespinel9n@mediafire.com,Female
Walden,Bragger,wbragger9o@delicious.com,Male
Georgie,Toohey,gtoohey9p@epa.gov,Female
Kathye,Logsdail,klogsdail9q@dailymotion.com,Female
Izak,Pavolillo,ipavolillo9r@uiuc.edu,Male
Jethro,Benner,jbenner9s@icq.com,Genderqueer
Georg,Groucock,ggroucock9t@guardian.co.uk,Male
Marielle,Windous,mwindous9u@nba.com,Female
Rex,Cobbin,rcobbin9v@toplist.cz,Male
Juditha,MacAndie,jmacandie9w@dion.ne.jp,Female
Peggie,Casterou,pcasterou9x@pbs.org,Genderqueer
Merrili,Bowser,mbowser9y@vimeo.com,Female
Mignonne,Samuel,msamuel9z@edublogs.org,Female
Josee,Phlippi,jphlippia0@cam.ac.uk,Female
Ermin,Brimicombe,ebrimicombea1@cpanel.net,Male
Darryl,Sallier,dsalliera2@digg.com,Female
Gerrie,Hearse,ghearsea3@hatena.ne.jp,Male
Karna,Deeth,kdeetha4@360.cn,Female
Melvyn,Firpo,mfirpoa5@nih.gov,Male
Val,Meriott,vmeriotta6@huffingtonpost.com,Male
Ofilia,Ghirigori,oghirigoria7@bbb.org,Female
Ervin,Castiglio,ecastiglioa8@craigslist.org,Male
Jarid,Drayson,jdraysona9@mysql.com,Male
Lacey,Ranahan,lranahanaa@nymag.com,Female
Babette,Kabsch,bkabschab@discuz.net,Female
Rorie,Altofts,raltoftsac@webnode.com,Female
Shandeigh,Lilian,slilianad@nsw.gov.au,Female
Coop,Brason,cbrasonae@yolasite.com,Bigender
Gerrilee,Shone,gshoneaf@unesco.org,Female
Dionne,Tudge,dtudgeag@google.co.uk,Female
Adolph,Arunowicz,aarunowiczah@nationalgeographic.com,Genderfluid
Lay,Thomas,lthomasai@icio.us,Male
Hephzibah,Roddick,hroddickaj@wunderground.com,Female
Hercules,Lockhart,hlockhartak@bloglovin.com,Male
L;urette,Blenkharn,lblenkharnal@trellian.com,Female
Lindie,Attoe,lattoeam@163.com,Female
Drucy,Brahams,dbrahamsan@networkadvertising.org,Female
Joan,O' Clovan,joclovanao@umich.edu,Female
Stanwood,Pavier,spavierap@jigsy.com,Male
Sheelagh,Bronger,sbrongeraq@bloglovin.com,Female
Sayer,Bunford,sbunfordar@meetup.com,Male
Austin,Haydon,ahaydonas@mapquest.com,Polygender
Allen,Brahm,abrahmat@furl.net,Male
Berti,Carverhill,bcarverhillau@opera.com,Male
Roanna,Grishin,rgrishinav@webeden.co.uk,Female
Dav,Saltmarshe,dsaltmarsheaw@craigslist.org,Male
Kermit,Keeler,kkeelerax@toplist.cz,Male
Matilde,Lapham,mlaphamay@washington.edu,Female
Leonelle,Jarrelt,ljarreltaz@360.cn,Female
Alwyn,Dikles,adiklesb0@posterous.com,Male
Martainn,Bratcher,mbratcherb1@jalbum.net,Male
Franciskus,Uff,fuffb2@walmart.com,Male
Annamarie,Cribbins,acribbinsb3@illinois.edu,Female
Daphene,Girling,dgirlingb4@discovery.com,Female
Ralph,Eades,readesb5@twitter.com,Male
Maxie,Bendelow,mbendelowb6@jimdo.com,Male
Winslow,Chessum,wchessumb7@webnode.com,Male
Arvin,Dewitt,adewittb8@edublogs.org,Male
Chloe,Rushman,crushmanb9@studiopress.com,Female
Lynette,Kubasek,lkubasekba@house.gov,Female
Gerek,Schmidt,gschmidtbb@aboutads.info,Male
Thibaut,Gladtbach,tgladtbachbc@princeton.edu,Male
Yvon,Selwood,yselwoodbd@unesco.org,Male
Chrissy,MacPeake,cmacpeakebe@google.de,Male
Averil,Pudding,apuddingbf@ifeng.com,Polygender
Aymer,Bosanko,abosankobg@com.com,Male
Karlyn,Lenihan,klenihanbh@sina.com.cn,Female
Gerome,Ritchley,gritchleybi@comcast.net,Male
Wainwright,Stallan,wstallanbj@imageshack.us,Male
Jordan,Ville,jvillebk@feedburner.com,Male
Derrik,Whyborne,dwhybornebl@apache.org,Male
Gregorius,Langdale,glangdalebm@weibo.com,Male
Zachariah,Formoy,zformoybn@stumbleupon.com,Genderfluid
Lewes,Gobeau,lgobeaubo@dailymail.co.uk,Male
Isiahi,Honnicott,ihonnicottbp@google.nl,Male
Kent,Grisdale,kgrisdalebq@mlb.com,Male
Tybalt,Whetson,twhetsonbr@si.edu,Male
Emyle,Alenov,ealenovbs@squidoo.com,Female
Gardy,Cheesworth,gcheesworthbt@illinois.edu,Male
Mariska,Feragh,mferaghbu@ocn.ne.jp,Female
Errol,Mushrow,emushrowbv@youku.com,Male
Bennie,Kelle,bkellebw@umich.edu,Female
Ottilie,Lembrick,olembrickbx@diigo.com,Female
Victor,Hardey,vhardeyby@boston.com,Male
Carola,Buckoke,cbuckokebz@trellian.com,Female
Dicky,Duester,dduesterc0@guardian.co.uk,Male
Ferdy,Bendtsen,fbendtsenc1@php.net,Male
Glenn,Botterill,gbotterillc2@g.co,Male
Granny,Ruffli,grufflic3@google.com.br,Agender
Jinny,Tyreman,jtyremanc4@godaddy.com,Female
Nevins,Leed,nleedc5@quantcast.com,Male
Heddi,Calow,hcalowc6@upenn.edu,Female
Guy,Syddon,gsyddonc7@free.fr,Male
Nanny,Tiltman,ntiltmanc8@google.fr,Agender
Stearne,Prier,sprierc9@salon.com,Male
Osgood,Durban,odurbanca@examiner.com,Male
Hanna,Greensides,hgreensidescb@washingtonpost.com,Female
Hillary,Temblett,htemblettcc@forbes.com,Male
Rollie,Vennings,rvenningscd@scribd.com,Male
Tito,Deinhardt,tdeinhardtce@youtube.com,Male
Myrle,Gallahue,mgallahuecf@chron.com,Female
Glenda,Misken,gmiskencg@ox.ac.uk,Female
Gregorio,Milington,gmilingtonch@a8.net,Male
Meredith,Ifill,mifillci@webnode.com,Male
Jefferson,Keuning,jkeuningcj@theatlantic.com,Male
Banky,Ingrem,bingremck@arstechnica.com,Polygender
Haleigh,Giaomozzo,hgiaomozzocl@fotki.com,Female
Ricky,Swadling,rswadlingcm@typepad.com,Female
Phylis,Doherty,pdohertycn@odnoklassniki.ru,Female
Tully,Switzer,tswitzerco@youku.com,Male
Giavani,McGeoch,gmcgeochcp@digg.com,Male
Tate,Billyard,tbillyardcq@columbia.edu,Male
Gwenette,Greenough,ggreenoughcr@sourceforge.net,Agender
Carina,Coffee,ccoffeecs@skype.com,Female
Caroljean,Molesworth,cmolesworthct@yale.edu,Female
Uri,Ferrarone,uferraronecu@devhub.com,Polygender
Packston,Chicken,pchickencv@ezinearticles.com,Male
Merilyn,Brummell,mbrummellcw@1688.com,Female
Herman,Klimowicz,hklimowiczcx@i2i.jp,Male
Chip,Swinnard,cswinnardcy@goo.ne.jp,Male
Gerry,Sellor,gsellorcz@ifeng.com,Agender
Norene,Ducarel,nducareld0@ox.ac.uk,Genderqueer
Austin,Bierton,abiertond1@deviantart.com,Agender
Felisha,Goroni,fgoronid2@csmonitor.com,Female
Krystalle,Zorzini,kzorzinid3@shinystat.com,Female
Raychel,Tunmore,rtunmored4@lycos.com,Female
Elton,Eick,eeickd5@squarespace.com,Male
Gerry,Di Boldi,gdiboldid6@163.com,Male
Mersey,Farrimond,mfarrimondd7@twitter.com,Female
Crichton,Janak,cjanakd8@list-manage.com,Male
Lonnie,Hellis,lhellisd9@posterous.com,Male
Dorolice,Bretton,dbrettonda@cafepress.com,Female
Delora,Kmietsch,dkmietschdb@barnesandnoble.com,Female
Innis,Sikorsky,isikorskydc@desdev.cn,Male
Gennie,Dabney,gdabneydd@jimdo.com,Female
Brena,Nicholls,bnichollsde@ifeng.com,Female
Albie,Bruntje,abruntjedf@usda.gov,Male
Flossie,Bantick,fbantickdg@tripadvisor.com,Female
Ezechiel,Pingston,epingstondh@hhs.gov,Male
Merle,Ragbourn,mragbourndi@livejournal.com,Female
Ax,MacDonell,amacdonelldj@canalblog.com,Male
Carry,Bartelot,cbartelotdk@friendfeed.com,Female
Patin,Lusted,plusteddl@census.gov,Male
Theo,Slowley,tslowleydm@phoca.cz,Female
Caty,Maund,cmaunddn@mozilla.com,Female
Skippy,Gosalvez,sgosalvezdo@icio.us,Male
Efrem,Ousby,eousbydp@dmoz.org,Non-binary
Dulcia,Toleman,dtolemandq@cdc.gov,Female
Kate,Macia,kmaciadr@hhs.gov,Agender
Munroe,Cuer,mcuerds@wsj.com,Male
Bax,Epilet,bepiletdt@discuz.net,Male
Breanne,Burkert,bburkertdu@macromedia.com,Female
Simmonds,Oneal,sonealdv@nih.gov,Male
Brander,Wharmby,bwharmbydw@merriam-webster.com,Male
Almira,Pulley,apulleydx@noaa.gov,Non-binary
Margret,Janos,mjanosdy@booking.com,Female
Vallie,Cejka,vcejkadz@nih.gov,Polygender
Christabella,Dumigan,cdumigane0@domainmarket.com,Female
Gui,Cuchey,gcucheye1@forbes.com,Female
Maurizio,Vials,mvialse2@java.com,Male
Fernandina,Dalinder,fdalindere3@ucsd.edu,Female
Demetre,Sandercock,dsandercocke4@canalblog.com,Male
Enrique,Ridoutt,eridoutte5@cocolog-nifty.com,Male
Eldridge,Danilishin,edanilishine6@angelfire.com,Polygender
Moe,Doctor,mdoctore7@fema.gov,Male
Gilligan,Adel,gadele8@google.co.jp,Female
Shaun,Kollatsch,skollatsche9@weibo.com,Male
Lemar,Sayer,lsayerea@acquirethisname.com,Male
Dominick,Haycock,dhaycockeb@tuttocitta.it,Male
Fairleigh,Aylott,faylottec@buzzfeed.com,Male
Derby,Van Waadenburg,dvanwaadenburged@columbia.edu,Male
Truda,Knowlson,tknowlsonee@vistaprint.com,Female
Kissie,Belvin,kbelvinef@fda.gov,Female
Danette,Spikins,dspikinseg@behance.net,Female
Van,Newbegin,vnewbegineh@noaa.gov,Male
Oliviero,Housby,ohousbyei@paginegialle.it,Male
Gav,Adamolli,gadamolliej@npr.org,Male
Johan,Pickthorne,jpickthorneek@posterous.com,Polygender
Natalee,Ellsom,nellsomel@ftc.gov,Polygender
Friedrich,Lyle,flyleem@dailymotion.com,Male
Herve,Sailor,hsailoren@ucoz.com,Male
Orbadiah,Eversfield,oeversfieldeo@admin.ch,Male
Bridgette,Jacquemard,bjacquemardep@imageshack.us,Female
Ryan,Schustl,rschustleq@t-online.de,Male
Wadsworth,Byneth,wbynether@marriott.com,Male
Rafi,Flips,rflipses@mediafire.com,Male
Uriah,Tales,utaleset@dyndns.org,Polygender
Clarance,Denniston,cdennistoneu@ifeng.com,Male
Roberta,Colbourne,rcolbourneev@cam.ac.uk,Female
Josefina,Brereton,jbreretonew@wufoo.com,Agender
Matilde,O'Corhane,mocorhaneex@last.fm,Female
Hamish,Tewelson,htewelsoney@comcast.net,Male
Vanni,Ensten,venstenez@cbsnews.com,Female
Debora,Hughesdon,dhughesdonf0@google.com,Female
Dianne,Scurfield,dscurfieldf1@godaddy.com,Female
Aldus,Wills,awillsf2@bandcamp.com,Male
Lyssa,Marryatt,lmarryattf3@ocn.ne.jp,Female
Jacques,Garnett,jgarnettf4@slashdot.org,Male
Nita,Tocher,ntocherf5@stumbleupon.com,Female
Elicia,Foddy,efoddyf6@nih.gov,Female
Lexy,Davies,ldaviesf7@uol.com.br,Female
Charlean,Hubbold,chubboldf8@wix.com,Female
Kimbell,Pittford,kpittfordf9@usda.gov,Male
Julieta,Bolwell,jbolwellfa@typepad.com,Female
Fannie,Huff,fhufffb@howstuffworks.com,Bigender
Kerry,Synder,ksynderfc@marriott.com,Male
Gwenette,Gathwaite,ggathwaitefd@techcrunch.com,Female
Winni,Prettyjohns,wprettyjohnsfe@webeden.co.uk,Female
Garrott,Flott,gflottff@scribd.com,Male
Luther,Jennens,ljennensfg@ask.com,Male
Gertruda,Mansfield,gmansfieldfh@sohu.com,Female
Celesta,O'Henery,coheneryfi@delicious.com,Female
Valida,Lowe,vlowefj@oracle.com,Female
Junia,Franzman,jfranzmanfk@skyrock.com,Female
Ignacio,Dow,idowfl@cloudflare.com,Male
Demetri,Binch,dbinchfm@dmoz.org,Male
Ignacius,Aizic,iaizicfn@mozilla.com,Male
Arny,Dukelow,adukelowfo@prnewswire.com,Agender
Carissa,Kernes,ckernesfp@dot.gov,Non-binary
Annecorinne,Haken,ahakenfq@addtoany.com,Female
Jude,Normavell,jnormavellfr@mashable.com,Male
Iggie,D'Errico,iderricofs@twitter.com,Male
Constantina,Leitch,cleitchft@sciencedaily.com,Female
Raimundo,Zemler,rzemlerfu@usatoday.com,Male
Hildegaard,Arnal,harnalfv@usda.gov,Female
Renato,Adnett,radnettfw@topsy.com,Male
Mathilda,Warrick,mwarrickfx@soup.io,Female
Gnni,Adne,gadnefy@mozilla.org,Female
Bail,Gyles,bgylesfz@biglobe.ne.jp,Male
Lanie,Mattersley,lmattersleyg0@ucoz.com,Female
Ronnie,Prodrick,rprodrickg1@paypal.com,Male
Nathanael,Staniforth,nstaniforthg2@moonfruit.com,Male
Jacky,Wedgbrow,jwedgbrowg3@businessinsider.com,Female
Melinda,Daintry,mdaintryg4@guardian.co.uk,Female
Alden,Domange,adomangeg5@paypal.com,Male
Marley,Diviny,mdivinyg6@jugem.jp,Female
Nicky,Durrad,ndurradg7@theglobeandmail.com,Female
Saraann,Dignam,sdignamg8@hp.com,Female
Edita,Whisby,ewhisbyg9@walmart.com,Female
Clemens,Martin,cmartinga@gizmodo.com,Male
Dunn,Treves,dtrevesgb@alexa.com,Male
Greer,Colenutt,gcolenuttgc@goo.gl,Female
Katerine,Meadowcroft,kmeadowcroftgd@blinklist.com,Female
Torrie,Hauxley,thauxleyge@bandcamp.com,Female
Maryann,Perkins,mperkinsgf@t.co,Female
Ware,Hoogendorp,whoogendorpgg@google.es,Male
Karia,Licquorish,klicquorishgh@ca.gov,Female
Clerkclaude,Roglieri,croglierigi@ucoz.ru,Male
Neddie,Giberd,ngiberdgj@addtoany.com,Male
Ennis,MacKeague,emackeaguegk@admin.ch,Genderfluid
Devland,Meigh,dmeighgl@mac.com,Male
Jeannie,McCully,jmccullygm@ow.ly,Female
Stephie,Houtbie,shoutbiegn@technorati.com,Bigender
Krystyna,Eivers,keiversgo@gravatar.com,Female
Anthony,Celiz,acelizgp@cornell.edu,Male
Augie,Gitting,agittinggq@nyu.edu,Genderqueer
Lief,Craighead,lcraigheadgr@wiley.com,Male
Kaycee,Haresnaip,kharesnaipgs@ibm.com,Female
Brockie,Hatwells,bhatwellsgt@dedecms.com,Male
Bastian,Rhodes,brhodesgu@fc2.com,Male
Dulcia,Aspey,daspeygv@wikia.com,Female
Aryn,Pepper,apeppergw@apache.org,Female
Ketti,Cogdell,kcogdellgx@google.es,Female
Stormie,Djekovic,sdjekovicgy@cnbc.com,Female
Joela,Teulier,jteuliergz@amazon.de,Female
Jereme,Kinneally,jkinneallyh0@flavors.me,Male
Zolly,Grimsdike,zgrimsdikeh1@google.com,Male
Donnajean,Larderot,dlarderoth2@wikispaces.com,Female
Khalil,McPharlain,kmcpharlainh3@webmd.com,Male
Dyna,Gilks,dgilksh4@webeden.co.uk,Female
Erminia,Goshawke,egoshawkeh5@tinyurl.com,Female
Dennison,Writer,dwriterh6@wisc.edu,Male
Ansell,Lorenzetto,alorenzettoh7@microsoft.com,Male
Latrina,Moen,lmoenh8@newyorker.com,Female
Tam,Mulford,tmulfordh9@theglobeandmail.com,Male
Eric,Shackle,eshackleha@telegraph.co.uk,Male
Base,O' Sullivan,bosullivanhb@ehow.com,Male
Malia,Vase,mvasehc@un.org,Female
Halette,Dows,hdowshd@epa.gov,Female
Mickie,Maylor,mmaylorhe@adobe.com,Female
Tiertza,Wretham,twrethamhf@freewebs.com,Female
Hy,Mozzi,hmozzihg@is.gd,Male
Eunice,Kedslie,ekedsliehh@de.vu,Female
Codie,Grasner,cgrasnerhi@sphinn.com,Male
Noami,Reucastle,nreucastlehj@usnews.com,Polygender
Briggs,Ralton,braltonhk@examiner.com,Male
Shane,Koppen,skoppenhl@furl.net,Female
Simmonds,Callington,scallingtonhm@google.es,Male
Catarina,Kelcey,ckelceyhn@aol.com,Female
Maggi,Hulles,mhullesho@eventbrite.com,Female
Candida,Kear,ckearhp@nature.com,Female
Elmore,Skeats,eskeatshq@tinypic.com,Male
Costanza,Kinnock,ckinnockhr@thetimes.co.uk,Female
Lucilia,Devers,ldevershs@independent.co.uk,Female
August,Pauwel,apauwelht@moonfruit.com,Male
Vanya,Maseyk,vmaseykhu@usnews.com,Male
Brig,Harnott,bharnotthv@barnesandnoble.com,Male
Orv,Sked,oskedhw@berkeley.edu,Genderfluid
Saw,Chable,schablehx@shutterfly.com,Male
Esme,Spaxman,espaxmanhy@census.gov,Polygender
Jaquelyn,McKelvie,jmckelviehz@accuweather.com,Female
Dolores,Veronique,dveroniquei0@buzzfeed.com,Female
Ado,Dallin,adallini1@seattletimes.com,Male
Woodrow,Gravie,wgraviei2@usatoday.com,Male
Lilli,Ariss,larissi3@marriott.com,Female
Che,Latchford,clatchfordi4@xrea.com,Male
Thaine,Dennerley,tdennerleyi5@uol.com.br,Male
Antin,Easterfield,aeasterfieldi6@lycos.com,Male
Anastassia,Patry,apatryi7@nsw.gov.au,Female
Marya,Jellybrand,mjellybrandi8@pbs.org,Female
Sharleen,Tims,stimsi9@amazon.com,Female
Gaile,Souster,gsousteria@multiply.com,Male
Armand,Eakin,aeakinib@aol.com,Male
Orelle,Walcar,owalcaric@networksolutions.com,Female
Retha,Stigger,rstiggerid@lycos.com,Female
Chrystel,Walczak,cwalczakie@aboutads.info,Female
Chantal,Shingles,cshinglesif@zdnet.com,Female
Josephine,Copner,jcopnerig@yale.edu,Female
Rorie,Carhart,rcarhartih@cnn.com,Female
Germain,Westcott,gwestcottii@purevolume.com,Female
Kendell,Ubsdell,kubsdellij@netlog.com,Bigender
Alyss,Brennan,abrennanik@nhs.uk,Female
Latrina,Goulbourn,lgoulbournil@bbc.co.uk,Female
Mari,Rickell,mrickellim@dot.gov,Female
Booth,Garcia,bgarciain@senate.gov,Male
Nilson,Beckerleg,nbeckerlegio@php.net,Male
Troy,Moston,tmostonip@indiegogo.com,Male
Etan,Rigg,eriggiq@comcast.net,Male
Clemmie,Craine,ccraineir@acquirethisname.com,Female
Mattias,Le Gall,mlegallis@disqus.com,Male
Priscilla,Dunstone,pdunstoneit@last.fm,Female
Isidora,Croose,icrooseiu@lulu.com,Female
Horton,Aburrow,haburrowiv@weebly.com,Genderqueer
Armand,Campion,acampioniw@nhs.uk,Male
Karena,Demer,kdemerix@amazon.co.uk,Female
Jasmin,Richens,jrichensiy@google.pl,Bigender
Coleen,Grinvalds,cgrinvaldsiz@cafepress.com,Female
Rutledge,Selburn,rselburnj0@bravesites.com,Non-binary
Chelsey,Bortol,cbortolj1@google.com.au,Female
Karissa,Abotson,kabotsonj2@psu.edu,Female
Victoir,Schnieder,vschniederj3@cnbc.com,Male
Kienan,Melonby,kmelonbyj4@wikispaces.com,Male
Delmar,Slixby,dslixbyj5@mit.edu,Male
Erl,Begg,ebeggj6@ow.ly,Male
Winnie,Hassey,whasseyj7@nasa.gov,Male
Mayor,McQuin,mmcquinj8@ucla.edu,Male
Ilene,Keling,ikelingj9@wisc.edu,Female
Anne-marie,Ruben,arubenja@bandcamp.com,Female
Dimitry,Steutly,dsteutlyjb@ebay.co.uk,Polygender
Lyda,Ewington,lewingtonjc@people.com.cn,Female
Merla,Fullagar,mfullagarjd@mashable.com,Non-binary
Gray,Gerram,ggerramje@latimes.com,Female
Maurise,Maysor,mmaysorjf@mac.com,Female
Rudolf,Courtonne,rcourtonnejg@jalbum.net,Male
Karlis,Maddock,kmaddockjh@wix.com,Male
Lamond,Scrimshire,lscrimshireji@cbslocal.com,Male
Denny,Cordy,dcordyjj@taobao.com,Male
Atlanta,Oliver,aoliverjk@blogtalkradio.com,Female
Humfried,Swayland,hswaylandjl@guardian.co.uk,Agender
Lindon,Rape,lrapejm@twitter.com,Male
Stephine,Hilldrup,shilldrupjn@theatlantic.com,Non-binary
Saunders,Josifovitz,sjosifovitzjo@google.com.au,Male
Town,Barts,tbartsjp@webmd.com,Genderfluid
Rene,Gordon-Giles,rgordongilesjq@tamu.edu,Female
Hallie,Sokell,hsokelljr@apple.com,Female
Pebrook,Uebel,puebeljs@histats.com,Male
Martica,Dewes,mdewesjt@qq.com,Female
Clementia,Qualtrough,cqualtroughju@desdev.cn,Genderfluid
Charmion,Penney,cpenneyjv@unesco.org,Female
Letisha,Stookes,lstookesjw@wp.com,Female
Abdel,Islip,aislipjx@yelp.com,Male
Giovanni,Smoote,gsmootejy@cam.ac.uk,Male
Goraud,Bonafacino,gbonafacinojz@ucla.edu,Male
Taffy,Slot,tslotk0@prlog.org,Female
Stan,Phizaclea,sphizacleak1@nature.com,Male
Jae,Scorthorne,jscorthornek2@alibaba.com,Male
Vasily,Pleace,vpleacek3@nasa.gov,Male
Liv,Siflet,lsifletk4@stanford.edu,Female
Hinda,Culkin,hculkink5@cafepress.com,Female
Sheila-kathryn,Rustadge,srustadgek6@friendfeed.com,Female
Adham,Searchwell,asearchwellk7@canalblog.com,Male
Inge,Roland,irolandk8@nasa.gov,Female
Ebba,Brecken,ebreckenk9@hc360.com,Female
Raff,Rodder,rrodderka@facebook.com,Male
Bibi,Lipgens,blipgenskb@timesonline.co.uk,Female
Barney,Giuron,bgiuronkc@webnode.com,Male
Alicia,Woodyer,awoodyerkd@123-reg.co.uk,Female
Eleen,Casement,ecasementke@soup.io,Female
Aime,Rammell,arammellkf@reuters.com,Female
Celka,Eschalotte,ceschalottekg@addthis.com,Female
Page,Carslaw,pcarslawkh@live.com,Female
Friedrick,Lacasa,flacasaki@opensource.org,Male
Barde,Peal,bpealkj@photobucket.com,Male
Cinderella,McPherson,cmcphersonkk@51.la,Bigender
Yvette,Anten,yantenkl@printfriendly.com,Genderfluid
Simeon,Brayne,sbraynekm@clickbank.net,Male
Ellynn,Grigori,egrigorikn@boston.com,Non-binary
Ferrell,Killick,fkillickko@google.fr,Polygender
Lion,Rosander,lrosanderkp@over-blog.com,Male
Chev,Iacomi,ciacomikq@hexun.com,Male
Wyatan,Tomkins,wtomkinskr@mac.com,Male
Albertina,Batterbee,abatterbeeks@twitpic.com,Female
Lauraine,Autie,lautiekt@economist.com,Female
Birch,O'Looney,bolooneyku@google.cn,Male
Sissy,Boays,sboayskv@netscape.com,Agender
Michal,Cessford,mcessfordkw@ft.com,Male
Aron,MacDunlevy,amacdunlevykx@weebly.com,Male
Lanny,Gypson,lgypsonky@thetimes.co.uk,Male
Randie,Pretious,rpretiouskz@engadget.com,Male
Fredek,Everiss,feverissl0@nba.com,Male
Mahmoud,Lounds,mloundsl1@prlog.org,Male
Sancho,Grigolashvill,sgrigolashvilll2@si.edu,Male
Tommy,Doag,tdoagl3@nps.gov,Genderqueer
Karil,Andreichik,kandreichikl4@wikimedia.org,Female
Garrik,Georgelin,ggeorgelinl5@homestead.com,Male
Charo,Dayer,cdayerl6@shinystat.com,Female
Vern,Ackenson,vackensonl7@imageshack.us,Male
Malorie,Hamley,mhamleyl8@drupal.org,Female
Artur,Meriton,ameritonl9@photobucket.com,Bigender
Patty,Clewett,pclewettla@wikispaces.com,Female
Freemon,Cherrington,fcherringtonlb@bizjournals.com,Male
Ulrikaumeko,Burnyeat,uburnyeatlc@chronoengine.com,Polygender
Edita,Budik,ebudikld@deviantart.com,Female
Matthew,Angrick,mangrickle@techcrunch.com,Male
Melisent,Elverstone,melverstonelf@dyndns.org,Female
Jodee,Weatherdon,jweatherdonlg@chicagotribune.com,Female
Alaster,Balwin,abalwinlh@sitemeter.com,Male
Isabeau,Powdrill,ipowdrillli@zdnet.com,Female
Ginelle,Goodram,ggoodramlj@rambler.ru,Female
Lauren,Glas,lglaslk@netlog.com,Male
Paco,Wevell,pwevellll@house.gov,Male
Daniela,Gosland,dgoslandlm@github.com,Female
Emmerich,Silverton,esilvertonln@cbslocal.com,Male
Brendan,Jikylls,bjikyllslo@artisteer.com,Male
Moss,Martinek,mmartineklp@xing.com,Genderqueer
Auroora,Allkins,aallkinslq@ucla.edu,Female
Cristabel,Perrot,cperrotlr@economist.com,Polygender
Darbie,Dunsmore,ddunsmorels@oracle.com,Genderfluid
Fay,Steeples,fsteepleslt@tamu.edu,Female
Vi,Roma,vromalu@nih.gov,Female
Melisse,Eakens,meakenslv@hugedomains.com,Female
Bordy,Wittey,bwitteylw@bloglovin.com,Male
Athena,Verni,avernilx@livejournal.com,Female
Tabbie,Czaja,tczajaly@eventbrite.com,Female
Lorenzo,Oneal,loneallz@jigsy.com,Male
Glenn,Rames,gramesm0@bloglines.com,Female
Mildrid,Lehrer,mlehrerm1@fotki.com,Female
Cherise,Victor,cvictorm2@accuweather.com,Female
Latia,Ferretti,lferrettim3@loc.gov,Female
Talyah,Tremayne,ttremaynem4@php.net,Female
Nathan,Teasey,nteaseym5@java.com,Male
Gaston,Harrowsmith,gharrowsmithm6@360.cn,Male
Hermie,Robbel,hrobbelm7@amazonaws.com,Male
Urbano,Viscovi,uviscovim8@home.pl,Male
Horace,Regan,hreganm9@nifty.com,Genderqueer
Marlena,Gisbourn,mgisbournma@ftc.gov,Female
Tawnya,Kasher,tkashermb@un.org,Female
Delilah,Maxwell,dmaxwellmc@is.gd,Female
Yancey,Mayoral,ymayoralmd@wiley.com,Genderfluid
Nikoletta,Galbraeth,ngalbraethme@quantcast.com,Female
Amble,Atger,aatgermf@seesaa.net,Male
Dal,Searchfield,dsearchfieldmg@exblog.jp,Male
Morry,Nickolls,mnickollsmh@opensource.org,Male
Woody,MacGiolla,wmacgiollami@adobe.com,Male
Cloe,Minci,cmincimj@auda.org.au,Female
Trudie,Dible,tdiblemk@senate.gov,Female
Vannie,Fessier,vfessierml@uiuc.edu,Female
Charo,Chatain,cchatainmm@vk.com,Female
Hugo,Trousdale,htrousdalemn@tripadvisor.com,Male
Hurleigh,Perillo,hperillomo@umn.edu,Male
Anatollo,Christophle,achristophlemp@nifty.com,Male
Mannie,Biaggetti,mbiaggettimq@uiuc.edu,Male
Jude,Barbera,jbarberamr@instagram.com,Male
Dav,Hankin,dhankinms@tamu.edu,Male
Ignacio,Jillions,ijillionsmt@blogspot.com,Genderqueer
Morganica,Nesey,mneseymu@amazon.co.uk,Female
Gene,Haggarth,ghaggarthmv@ftc.gov,Male
Sammy,Sprigings,ssprigingsmw@bbc.co.uk,Female
Pansie,Powis,ppowismx@alibaba.com,Female
Daloris,Iacabucci,diacabuccimy@purevolume.com,Genderfluid
Zebulen,Niave,zniavemz@seesaa.net,Male
Nettie,Macy,nmacyn0@ox.ac.uk,Female
Cindelyn,Chalfant,cchalfantn1@independent.co.uk,Female
Millard,Fewster,mfewstern2@sina.com.cn,Male
Helena,Quartly,hquartlyn3@independent.co.uk,Female
Thebault,Streeter,tstreetern4@myspace.com,Male
Obie,Raye,orayen5@histats.com,Male
Gabriello,Darte,gdarten6@netscape.com,Male
Evey,Harrisson,eharrissonn7@networkadvertising.org,Female
Karoline,Hammarberg,khammarbergn8@rediff.com,Female
Amby,Pimme,apimmen9@tinyurl.com,Male
Eward,Mossman,emossmanna@exblog.jp,Male
Jarib,McCurrie,jmccurrienb@cornell.edu,Male
Kermy,Fishlock,kfishlocknc@latimes.com,Male
Elora,Barzen,ebarzennd@123-reg.co.uk,Female
Stewart,Mantha,smanthane@google.ca,Bigender
Josiah,Grimsdyke,jgrimsdykenf@businesswire.com,Male
Abrahan,Stedson,astedsonng@state.gov,Male
Gawain,McColl,gmccollnh@netscape.com,Male
Chane,Dat,cdatni@ocn.ne.jp,Genderqueer
Sindee,Tockell,stockellnj@statcounter.com,Female
Julius,Rouby,jroubynk@tumblr.com,Male
Waldo,Leyrroyd,wleyrroydnl@youtube.com,Male
Llywellyn,Harberer,lharberernm@ucsd.edu,Male
Kippar,Choppen,kchoppennn@ow.ly,Male
Averil,Burless,aburlessno@photobucket.com,Male
Cirillo,Stillman,cstillmannp@shareasale.com,Male
Vito,Chipman,vchipmannq@statcounter.com,Male
Sybilla,Eadmeads,seadmeadsnr@ask.com,Female
Courtnay,Alenikov,calenikovns@photobucket.com,Female
Vasilis,Rymer,vrymernt@apache.org,Male
Thorpe,Connochie,tconnochienu@epa.gov,Male
Haroun,Headley,hheadleynv@edublogs.org,Male
Dorree,Cozzi,dcozzinw@nhs.uk,Female
Farrell,Pelosi,fpelosinx@1688.com,Male
Drugi,Donhardt,ddonhardtny@printfriendly.com,Male
Ofilia,Coldman,ocoldmannz@wordpress.org,Female
Allene,Largent,alargento0@fotki.com,Polygender
Timmy,Nozzolii,tnozzoliio1@narod.ru,Male
Catina,Dunkerly,cdunkerlyo2@house.gov,Female
Elnora,Dew,edewo3@baidu.com,Female
Bibby,Otson,botsono4@dell.com,Female
Mirelle,Smithyman,msmithymano5@moonfruit.com,Female
Erica,Craydon,ecraydono6@google.es,Female
Maggee,Truin,mtruino7@apache.org,Female
Fanny,Olding,foldingo8@cnn.com,Polygender
Zarah,Bland,zblando9@nifty.com,Female
Georgena,Learmonth,glearmonthoa@sakura.ne.jp,Female
Kathryn,Smidmor,ksmidmorob@usgs.gov,Female
Marc,Nevinson,mnevinsonoc@yahoo.co.jp,Male
Hynda,Faulder,hfaulderod@ebay.co.uk,Female
Preston,Worwood,pworwoodoe@tumblr.com,Male
Barrie,Willerson,bwillersonof@privacy.gov.au,Male
Kalie,Dillingstone,kdillingstoneog@addtoany.com,Female
Derk,Athridge,dathridgeoh@yahoo.com,Male
Thorsten,Cocksedge,tcocksedgeoi@microsoft.com,Male
Beck,Ayllett,bayllettoj@aol.com,Male
Denys,Keese,dkeeseok@deliciousdays.com,Male
Hazlett,Scandwright,hscandwrightol@exblog.jp,Male
Brooke,Clemente,bclementeom@vinaora.com,Female
Mellie,Mingaye,mmingayeon@cnbc.com,Female
Winnah,Tonnesen,wtonnesenoo@twitpic.com,Female
Sasha,Litchfield,slitchfieldop@reddit.com,Male
Norbert,Ludron,nludronoq@usatoday.com,Bigender
Odell,Koppes,okoppesor@themeforest.net,Male
Joe,Pantecost,jpantecostos@craigslist.org,Male
Wadsworth,Lipman,wlipmanot@upenn.edu,Male
Gabrielle,O'Moylane,gomoylaneou@ihg.com,Female
Karol,Ridel,kridelov@noaa.gov,Female
Antoine,Ruilton,aruiltonow@imdb.com,Male
Willy,Featherstone,wfeatherstoneox@bloomberg.com,Male
Gerri,Smithyman,gsmithymanoy@usa.gov,Female
Wain,Washtell,wwashtelloz@businessweek.com,Male
Biron,Enrrico,benrricop0@java.com,Male
Elane,Vivyan,evivyanp1@blinklist.com,Female
Ariella,Beton,abetonp2@themeforest.net,Female
Harlie,MacKean,hmackeanp3@eventbrite.com,Female
Christiane,Pepineaux,cpepineauxp4@craigslist.org,Female
Skell,Turbill,sturbillp5@edublogs.org,Male
Ruthy,Cleugher,rcleugherp6@skyrock.com,Female
Anselm,Dericot,adericotp7@zdnet.com,Male
Gertruda,Corrao,gcorraop8@taobao.com,Female
Edgar,Frear,efrearp9@nba.com,Male
Edy,MacNeice,emacneicepa@infoseek.co.jp,Female
Townsend,Beckers,tbeckerspb@jalbum.net,Male
Constantina,Adamkiewicz,cadamkiewiczpc@dion.ne.jp,Female
Breena,Alejandro,balejandropd@shop-pro.jp,Female
Layney,Ridgedell,lridgedellpe@hp.com,Female
Rebeka,Emmet,remmetpf@reference.com,Female
Bettina,Cropp,bcropppg@constantcontact.com,Female
Nikaniki,Saddler,nsaddlerph@amazon.co.jp,Female
Bria,Jakobsson,bjakobssonpi@hatena.ne.jp,Female
Constantia,Waple,cwaplepj@51.la,Female
Sutherlan,Rosenbloom,srosenbloompk@answers.com,Male
Alvie,Paddington,apaddingtonpl@hhs.gov,Male
Cristobal,Deyes,cdeyespm@home.pl,Genderfluid
Sydney,Soda,ssodapn@harvard.edu,Male
Teador,Gotcher,tgotcherpo@usgs.gov,Male
Daisey,Ambroix,dambroixpp@jalbum.net,Female
Keary,MacKinnon,kmackinnonpq@stumbleupon.com,Male
Cariotta,Huntingford,chuntingfordpr@nature.com,Female
Flossi,Scawton,fscawtonps@zdnet.com,Female
Ashil,Pagon,apagonpt@mlb.com,Bigender
Dulcinea,Witard,dwitardpu@comcast.net,Female
Karl,Elt,keltpv@aol.com,Male
Viviana,MacAndrew,vmacandrewpw@go.com,Female
Claudette,Ockenden,cockendenpx@shareasale.com,Female
Odelinda,Steinhammer,osteinhammerpy@biglobe.ne.jp,Genderqueer
Aldo,Ianetti,aianettipz@telegraph.co.uk,Male
Marget,Lorentzen,mlorentzenq0@huffingtonpost.com,Female
Derrek,Loftus,dloftusq1@nbcnews.com,Male
Ximenez,Joss,xjossq2@pagesperso-orange.fr,Male
Early,Tschersich,etschersichq3@reuters.com,Male
Debra,Eburah,deburahq4@salon.com,Female
Padriac,Jacqueminet,pjacqueminetq5@altervista.org,Genderfluid
Tuckie,Cadlock,tcadlockq6@webmd.com,Bigender
Rafaela,Matyasik,rmatyasikq7@goo.ne.jp,Female
Netti,Denge,ndengeq8@icio.us,Female
Sisile,Stode,sstodeq9@photobucket.com,Female
Gareth,Cust,gcustqa@aol.com,Male
Noel,Jezard,njezardqb@mlb.com,Male
Elisha,Phillps,ephillpsqc@mayoclinic.com,Male
Reggy,Groneway,rgronewayqd@shareasale.com,Male
Winfred,Hurich,whurichqe@ucla.edu,Non-binary
Trish,Aimeric,taimericqf@shop-pro.jp,Female
Laurette,Goning,lgoningqg@oakley.com,Female
Crissy,Celli,ccelliqh@storify.com,Female
Cass,Coveney,ccoveneyqi@deviantart.com,Male
Lorry,Ferrillo,lferrilloqj@umich.edu,Female
Cecelia,Petegrew,cpetegrewqk@flickr.com,Female
Augy,Comiskey,acomiskeyql@spiegel.de,Male
Ada,Reeveley,areeveleyqm@symantec.com,Genderqueer
Westley,Bessant,wbessantqn@simplemachines.org,Male
Minta,Khrishtafovich,mkhrishtafovichqo@ihg.com,Female
Khalil,Ship,kshipqp@blog.com,Male
Oliver,Grzegorczyk,ogrzegorczykqq@dedecms.com,Male
Kearney,Rulten,krultenqr@dion.ne.jp,Male
Jessie,Libermore,jlibermoreqs@time.com,Male
Ossie,McSparran,omcsparranqt@washington.edu,Male
Sigmund,Gellier,sgellierqu@scientificamerican.com,Male
Milissent,Durrington,mdurringtonqv@fotki.com,Female
Norby,Genicke,ngenickeqw@loc.gov,Male
Heda,Eddis,heddisqx@noaa.gov,Female
Ramsey,Beeble,rbeebleqy@nationalgeographic.com,Genderqueer
Terza,Hayes,thayesqz@webmd.com,Female
Evangelina,Yuryichev,eyuryichevr0@jugem.jp,Female
Olly,Bilham,obilhamr1@walmart.com,Male
Anneliese,St Ange,astanger2@umn.edu,Female
Consalve,Svanini,csvaninir3@edublogs.org,Male
Ewart,Rannie,erannier4@mayoclinic.com,Male
Isis,Scardafield,iscardafieldr5@github.com,Female
Erinn,Bines,ebinesr6@google.fr,Female
Aaron,Curson,acursonr7@scribd.com,Male
Zeke,Deners,zdenersr8@nifty.com,Genderqueer
Dolly,Ades,dadesr9@shareasale.com,Female
Hamid,Claringbold,hclaringboldra@xinhuanet.com,Male
Hogan,Gresly,hgreslyrb@surveymonkey.com,Male
Angela,Flahive,aflahiverc@jimdo.com,Female
Roth,Swateridge,rswateridgerd@github.com,Male
Alberik,Patry,apatryre@desdev.cn,Male
Montgomery,Trorey,mtroreyrf@vistaprint.com,Male
Levey,Pakeman,lpakemanrg@bloglovin.com,Male
Morris,Gillet,mgilletrh@umn.edu,Male
Obidiah,Polson,opolsonri@networksolutions.com,Male
Byrom,Bruckshaw,bbruckshawrj@smh.com.au,Male
Alis,Androletti,aandrolettirk@geocities.jp,Female
Caitrin,Vize,cvizerl@jiathis.com,Female
Carmela,O'Driscoll,codriscollrm@e-recht24.de,Female
Maddie,Kleynen,mkleynenrn@xinhuanet.com,Male
Rachele,Tonnesen,rtonnesenro@pcworld.com,Female
Abbey,Treagust,atreagustrp@i2i.jp,Male
Lay,Schruurs,lschruursrq@nyu.edu,Male
Aubert,Mateus,amateusrr@cafepress.com,Male
